id,anio,mes,balance,tipo,energia_mwh,fecha_proceso,lote_id_log,indice_tiempo
6272,2017,01,OFERTA,Hidráulica,3281399.106,2020-05-05 11:07:24.323786,67,2017-01
6273,2017,01,OFERTA,Importacion,125443.188,2020-05-05 11:07:24.323786,67,2017-01
6274,2017,01,OFERTA,Nuclear,637244.316,2020-05-05 11:07:24.323786,67,2017-01
6275,2017,01,OFERTA,Renovable,245312.545,2020-05-05 11:07:24.323786,67,2017-01
6276,2017,01,OFERTA,Térmica,8643945.596,2020-05-05 11:07:24.323786,67,2017-01
6277,2017,02,OFERTA,Hidráulica,2993141.023,2020-05-05 11:07:24.323786,67,2017-02
6278,2017,02,OFERTA,Importacion,77978.091,2020-05-05 11:07:24.323786,67,2017-02
6279,2017,02,OFERTA,Nuclear,634134.657,2020-05-05 11:07:24.323786,67,2017-02
6280,2017,02,OFERTA,Renovable,210416.556,2020-05-05 11:07:24.323786,67,2017-02
6281,2017,02,OFERTA,Térmica,7558658.716,2020-05-05 11:07:24.323786,67,2017-02
6282,2017,03,OFERTA,Hidráulica,3074840.123,2020-05-05 11:07:24.323786,67,2017-03
6283,2017,03,OFERTA,Importacion,152653.82,2020-05-05 11:07:24.323786,67,2017-03
6284,2017,03,OFERTA,Nuclear,509769.949,2020-05-05 11:07:24.323786,67,2017-03
6285,2017,03,OFERTA,Renovable,218132.572,2020-05-05 11:07:24.323786,67,2017-03
6286,2017,03,OFERTA,Térmica,7601688.131,2020-05-05 11:07:24.323786,67,2017-03
6287,2017,04,OFERTA,Hidráulica,2813146.744,2020-05-05 11:07:24.323786,67,2017-04
6288,2017,04,OFERTA,Importacion,122743.348,2020-05-05 11:07:24.323786,67,2017-04
6289,2017,04,OFERTA,Nuclear,241890.885,2020-05-05 11:07:24.323786,67,2017-04
6290,2017,04,OFERTA,Renovable,205860.081,2020-05-05 11:07:24.323786,67,2017-04
6291,2017,04,OFERTA,Térmica,6727209.774,2020-05-05 11:07:24.323786,67,2017-04
6292,2017,05,OFERTA,Hidráulica,3199370.903,2020-05-05 11:07:24.323786,67,2017-05
6293,2017,05,OFERTA,Importacion,191885.18,2020-05-05 11:07:24.323786,67,2017-05
6294,2017,05,OFERTA,Nuclear,193880.655,2020-05-05 11:07:24.323786,67,2017-05
6295,2017,05,OFERTA,Renovable,197919.202,2020-05-05 11:07:24.323786,67,2017-05
6296,2017,05,OFERTA,Térmica,7387187.401,2020-05-05 11:07:24.323786,67,2017-05
6297,2017,06,OFERTA,Hidráulica,3240501.538,2020-05-05 11:07:24.323786,67,2017-06
6298,2017,06,OFERTA,Importacion,16213.931,2020-05-05 11:07:24.323786,67,2017-06
6299,2017,06,OFERTA,Nuclear,241492.455,2020-05-05 11:07:24.323786,67,2017-06
6300,2017,06,OFERTA,Renovable,175166.866,2020-05-05 11:07:24.323786,67,2017-06
6301,2017,06,OFERTA,Térmica,8115687.053,2020-05-05 11:07:24.323786,67,2017-06
6302,2017,07,OFERTA,Hidráulica,2897931.345,2020-05-05 11:07:24.323786,67,2017-07
6303,2017,07,OFERTA,Importacion,5664.516,2020-05-05 11:07:24.323786,67,2017-07
6304,2017,07,OFERTA,Nuclear,252171.855,2020-05-05 11:07:24.323786,67,2017-07
6305,2017,07,OFERTA,Renovable,183045.513,2020-05-05 11:07:24.323786,67,2017-07
6306,2017,07,OFERTA,Térmica,8844327.728,2020-05-05 11:07:24.323786,67,2017-07
6307,2017,08,OFERTA,Hidráulica,3183718.713,2020-05-05 11:07:24.323786,67,2017-08
6308,2017,08,OFERTA,Importacion,976.925,2020-05-05 11:07:24.323786,67,2017-08
6309,2017,08,OFERTA,Nuclear,621551.396,2020-05-05 11:07:24.323786,67,2017-08
6310,2017,08,OFERTA,Renovable,209373.906,2020-05-05 11:07:24.323786,67,2017-08
6311,2017,08,OFERTA,Térmica,7454440.644,2020-05-05 11:07:24.323786,67,2017-08
6312,2017,09,OFERTA,Hidráulica,3154547.944,2020-05-05 11:07:24.323786,67,2017-09
6313,2017,09,OFERTA,Importacion,44.46,2020-05-05 11:07:24.323786,67,2017-09
6314,2017,09,OFERTA,Nuclear,610014.563,2020-05-05 11:07:24.323786,67,2017-09
6315,2017,09,OFERTA,Renovable,239294.022,2020-05-05 11:07:24.323786,67,2017-09
6316,2017,09,OFERTA,Térmica,6680934.794,2020-05-05 11:07:24.323786,67,2017-09
6317,2017,10,OFERTA,Hidráulica,3761436.726,2020-05-05 11:07:24.323786,67,2017-10
6318,2017,10,OFERTA,Importacion,13041.249,2020-05-05 11:07:24.323786,67,2017-10
6319,2017,10,OFERTA,Nuclear,616318.501,2020-05-05 11:07:24.323786,67,2017-10
6320,2017,10,OFERTA,Renovable,255925.745,2020-05-05 11:07:24.323786,67,2017-10
6321,2017,10,OFERTA,Térmica,5953163.284,2020-05-05 11:07:24.323786,67,2017-10
6322,2017,11,OFERTA,Hidráulica,4169993.226,2020-05-05 11:07:24.323786,67,2017-11
6323,2017,11,OFERTA,Importacion,18442.739,2020-05-05 11:07:24.323786,67,2017-11
6324,2017,11,OFERTA,Nuclear,507076.8,2020-05-05 11:07:24.323786,67,2017-11
6325,2017,11,OFERTA,Renovable,245797.444,2020-05-05 11:07:24.323786,67,2017-11
6326,2017,11,OFERTA,Térmica,5803526.625,2020-05-05 11:07:24.323786,67,2017-11
6327,2017,12,OFERTA,Hidráulica,3813973.936,2020-05-05 11:07:24.323786,67,2017-12
6328,2017,12,OFERTA,Importacion,8796.008,2020-05-05 11:07:24.323786,67,2017-12
6329,2017,12,OFERTA,Nuclear,650681.84,2020-05-05 11:07:24.323786,67,2017-12
6330,2017,12,OFERTA,Renovable,248506.286,2020-05-05 11:07:24.323786,67,2017-12
6331,2017,12,OFERTA,Térmica,7758948.804,2020-05-05 11:07:24.323786,67,2017-12
6332,2018,01,OFERTA,Hidráulica,3521862.516,2020-05-05 11:07:24.323786,67,2018-01
6333,2018,01,OFERTA,Importacion,5794.885,2020-05-05 11:07:24.323786,67,2018-01
6334,2018,01,OFERTA,Nuclear,638616.512,2020-05-05 11:07:24.323786,67,2018-01
6335,2018,01,OFERTA,Renovable,241285.877,2020-05-05 11:07:24.323786,67,2018-01
6336,2018,01,OFERTA,Térmica,8341240.183,2020-05-05 11:07:24.323786,67,2018-01
6337,2018,02,OFERTA,Hidráulica,3117426.626,2020-05-05 11:07:24.323786,67,2018-02
6338,2018,02,OFERTA,Importacion,5661.85,2020-05-05 11:07:24.323786,67,2018-02
6339,2018,02,OFERTA,Nuclear,572050.939,2020-05-05 11:07:24.323786,67,2018-02
6340,2018,02,OFERTA,Renovable,207904.416,2020-05-05 11:07:24.323786,67,2018-02
6341,2018,02,OFERTA,Térmica,7866947.416,2020-05-05 11:07:24.323786,67,2018-02
6342,2018,03,OFERTA,Hidráulica,3191819.081,2020-05-05 11:07:24.323786,67,2018-03
6343,2018,03,OFERTA,Importacion,6232.67,2020-05-05 11:07:24.323786,67,2018-03
6344,2018,03,OFERTA,Nuclear,505081.321,2020-05-05 11:07:24.323786,67,2018-03
6345,2018,03,OFERTA,Renovable,196551.35,2020-05-05 11:07:24.323786,67,2018-03
6346,2018,03,OFERTA,Térmica,7730120.391,2020-05-05 11:07:24.323786,67,2018-03
6347,2018,04,OFERTA,Hidráulica,3037322.748,2020-05-05 11:07:24.323786,67,2018-04
6348,2018,04,OFERTA,Importacion,5632.1,2020-05-05 11:07:24.323786,67,2018-04
6349,2018,04,OFERTA,Nuclear,575130.6,2020-05-05 11:07:24.323786,67,2018-04
6350,2018,04,OFERTA,Renovable,180256.235,2020-05-05 11:07:24.323786,67,2018-04
6351,2018,04,OFERTA,Térmica,7055024.179,2020-05-05 11:07:24.323786,67,2018-04
6352,2018,05,OFERTA,Hidráulica,2922568.891,2020-05-05 11:07:24.323786,67,2018-05
6353,2018,05,OFERTA,Importacion,17736.07,2020-05-05 11:07:24.323786,67,2018-05
6354,2018,05,OFERTA,Nuclear,752501.256,2020-05-05 11:07:24.323786,67,2018-05
6355,2018,05,OFERTA,Renovable,181926.069,2020-05-05 11:07:24.323786,67,2018-05
6356,2018,05,OFERTA,Térmica,7144169.976,2020-05-05 11:07:24.323786,67,2018-05
6357,2018,06,OFERTA,Hidráulica,3250397.414,2020-05-05 11:07:24.323786,67,2018-06
6358,2018,06,OFERTA,Importacion,11299.595,2020-05-05 11:07:24.323786,67,2018-06
6359,2018,06,OFERTA,Nuclear,741414.599,2020-05-05 11:07:24.323786,67,2018-06
6360,2018,06,OFERTA,Renovable,209034.578,2020-05-05 11:07:24.323786,67,2018-06
6361,2018,06,OFERTA,Térmica,8103954.004,2020-05-05 11:07:24.323786,67,2018-06
6362,2018,07,OFERTA,Hidráulica,3612520.469,2020-05-05 11:07:24.323786,67,2018-07
6363,2018,07,OFERTA,Importacion,12295.168,2020-05-05 11:07:24.323786,67,2018-07
6364,2018,07,OFERTA,Nuclear,706410.365,2020-05-05 11:07:24.323786,67,2018-07
6365,2018,07,OFERTA,Renovable,228117.475,2020-05-05 11:07:24.323786,67,2018-07
6366,2018,07,OFERTA,Térmica,8479600.168,2020-05-05 11:07:24.323786,67,2018-07
6367,2018,08,OFERTA,Hidráulica,3412034.86,2020-05-05 11:07:24.323786,67,2018-08
6368,2018,08,OFERTA,Importacion,11428.58,2020-05-05 11:07:24.323786,67,2018-08
6369,2018,08,OFERTA,Nuclear,664848.663,2020-05-05 11:07:24.323786,67,2018-08
6370,2018,08,OFERTA,Renovable,285707.086,2020-05-05 11:07:24.323786,67,2018-08
6371,2018,08,OFERTA,Térmica,7725729.305,2020-05-05 11:07:24.323786,67,2018-08
6372,2018,09,OFERTA,Hidráulica,2769472.612,2020-05-05 11:07:24.323786,67,2018-09
6373,2018,09,OFERTA,Importacion,21006.61,2020-05-05 11:07:24.323786,67,2018-09
6374,2018,09,OFERTA,Nuclear,311970.4,2020-05-05 11:07:24.323786,67,2018-09
6375,2018,09,OFERTA,Renovable,323204.93,2020-05-05 11:07:24.323786,67,2018-09
6376,2018,09,OFERTA,Térmica,6840990.931,2020-05-05 11:07:24.323786,67,2018-09
6377,2018,10,OFERTA,Hidráulica,3456354.298,2020-05-05 11:07:24.323786,67,2018-10
6378,2018,10,OFERTA,Importacion,24815.047,2020-05-05 11:07:24.323786,67,2018-10
6379,2018,10,OFERTA,Nuclear,395773.383,2020-05-05 11:07:24.323786,67,2018-10
6380,2018,10,OFERTA,Renovable,379275.93,2020-05-05 11:07:24.323786,67,2018-10
6381,2018,10,OFERTA,Térmica,6137657.725,2020-05-05 11:07:24.323786,67,2018-10
6382,2018,11,OFERTA,Hidráulica,3891066.662,2020-05-05 11:07:24.323786,67,2018-11
6383,2018,11,OFERTA,Importacion,30330.112,2020-05-05 11:07:24.323786,67,2018-11
6384,2018,11,OFERTA,Nuclear,376479.343,2020-05-05 11:07:24.323786,67,2018-11
6385,2018,11,OFERTA,Renovable,428462.981,2020-05-05 11:07:24.323786,67,2018-11
6386,2018,11,OFERTA,Térmica,5692280.537,2020-05-05 11:07:24.323786,67,2018-11
6387,2018,12,OFERTA,Hidráulica,3768807.413,2020-05-05 11:07:24.323786,67,2018-12
6388,2018,12,OFERTA,Importacion,191303.454,2020-05-05 11:07:24.323786,67,2018-12
6389,2018,12,OFERTA,Nuclear,212640.435,2020-05-05 11:07:24.323786,67,2018-12
6390,2018,12,OFERTA,Renovable,488501.011,2020-05-05 11:07:24.323786,67,2018-12
6391,2018,12,OFERTA,Térmica,6609320.402,2020-05-05 11:07:24.323786,67,2018-12
6392,2019,01,OFERTA,Hidráulica,3453674.451,2020-05-05 11:07:24.323786,67,2019-01
6393,2019,01,OFERTA,Importacion,407463.262,2020-05-05 11:07:24.323786,67,2019-01
6394,2019,01,OFERTA,Nuclear,200411.82,2020-05-05 11:07:24.323786,67,2019-01
6395,2019,01,OFERTA,Renovable,514543.722,2020-05-05 11:07:24.323786,67,2019-01
6396,2019,01,OFERTA,Térmica,7559401.012,2020-05-05 11:07:24.323786,67,2019-01
6397,2019,02,OFERTA,Hidráulica,2587399.714,2020-05-05 11:07:24.323786,67,2019-02
6398,2019,02,OFERTA,Importacion,120592.489,2020-05-05 11:07:24.323786,67,2019-02
6399,2019,02,OFERTA,Nuclear,300502.344,2020-05-05 11:07:24.323786,67,2019-02
6400,2019,02,OFERTA,Renovable,437826.312,2020-05-05 11:07:24.323786,67,2019-02
6401,2019,02,OFERTA,Térmica,7645372.917,2020-05-05 11:07:24.323786,67,2019-02
6402,2019,03,OFERTA,Hidráulica,2948310.259,2020-05-05 11:07:24.323786,67,2019-03
6403,2019,03,OFERTA,Importacion,246818.102,2020-05-05 11:07:24.323786,67,2019-03
6404,2019,03,OFERTA,Nuclear,527391.847,2020-05-05 11:07:24.323786,67,2019-03
6405,2019,03,OFERTA,Renovable,520250.557,2020-05-05 11:07:24.323786,67,2019-03
6406,2019,03,OFERTA,Térmica,6231234.3,2020-05-05 11:07:24.323786,67,2019-03
6407,2019,04,OFERTA,Hidráulica,2721878.364,2020-05-05 11:07:24.323786,67,2019-04
6408,2019,04,OFERTA,Importacion,151667.766,2020-05-05 11:07:24.323786,67,2019-04
6409,2019,04,OFERTA,Nuclear,640078.793,2020-05-05 11:07:24.323786,67,2019-04
6410,2019,04,OFERTA,Renovable,554326.352,2020-05-05 11:07:24.323786,67,2019-04
6411,2019,04,OFERTA,Térmica,5824982.629,2020-05-05 11:07:24.323786,67,2019-04
6412,2019,05,OFERTA,Hidráulica,3020998.66,2020-05-05 11:07:24.323786,67,2019-05
6413,2019,05,OFERTA,Importacion,332804.88,2020-05-05 11:07:24.323786,67,2019-05
6414,2019,05,OFERTA,Nuclear,836712.485,2020-05-05 11:07:24.323786,67,2019-05
6415,2019,05,OFERTA,Renovable,521093.899,2020-05-05 11:07:24.323786,67,2019-05
6416,2019,05,OFERTA,Térmica,6067333.26,2020-05-05 11:07:24.323786,67,2019-05
6417,2019,06,OFERTA,Hidráulica,2891031.473,2020-05-05 11:07:24.323786,67,2019-06
6418,2019,06,OFERTA,Importacion,225664.321,2020-05-05 11:07:24.323786,67,2019-06
6419,2019,06,OFERTA,Nuclear,742116.706,2020-05-05 11:07:24.323786,67,2019-06
6420,2019,06,OFERTA,Renovable,590050.227,2020-05-05 11:07:24.323786,67,2019-06
6421,2019,06,OFERTA,Térmica,6624751.266,2020-05-05 11:07:24.323786,67,2019-06
6422,2019,07,OFERTA,Hidráulica,3103128.039,2020-05-05 11:07:24.323786,67,2019-07
6423,2019,07,OFERTA,Importacion,120154.333,2020-05-05 11:07:24.323786,67,2019-07
6424,2019,07,OFERTA,Nuclear,736655.677,2020-05-05 11:07:24.323786,67,2019-07
6425,2019,07,OFERTA,Renovable,611310.669,2020-05-05 11:07:24.323786,67,2019-07
6426,2019,07,OFERTA,Térmica,7873291.365,2020-05-05 11:07:24.323786,67,2019-07
6427,2019,08,OFERTA,Hidráulica,3221215.181,2020-05-05 11:07:24.323786,67,2019-08
6428,2019,08,OFERTA,Importacion,350301.422,2020-05-05 11:07:24.323786,67,2019-08
6429,2019,08,OFERTA,Nuclear,865729.443,2020-05-05 11:07:24.323786,67,2019-08
6430,2019,08,OFERTA,Renovable,678247.331,2020-05-05 11:07:24.323786,67,2019-08
6431,2019,08,OFERTA,Térmica,6818697.266,2020-05-05 11:07:24.323786,67,2019-08
6432,2019,09,OFERTA,Hidráulica,2899660.731,2020-05-05 11:07:24.323786,67,2019-09
6433,2019,09,OFERTA,Importacion,69857.276,2020-05-05 11:07:24.323786,67,2019-09
6434,2019,09,OFERTA,Nuclear,873875.355,2020-05-05 11:07:24.323786,67,2019-09
6435,2019,09,OFERTA,Renovable,809304.532,2020-05-05 11:07:24.323786,67,2019-09
6436,2019,09,OFERTA,Térmica,6039530.335,2020-05-05 11:07:24.323786,67,2019-09
6437,2019,10,OFERTA,Hidráulica,2736574.017,2020-05-05 11:07:24.323786,67,2019-10
6438,2019,10,OFERTA,Importacion,260683.924,2020-05-05 11:07:24.323786,67,2019-10
6439,2019,10,OFERTA,Nuclear,712387.25,2020-05-05 11:07:24.323786,67,2019-10
6440,2019,10,OFERTA,Renovable,805099.122,2020-05-05 11:07:24.323786,67,2019-10
6441,2019,10,OFERTA,Térmica,6339045.242,2020-05-05 11:07:24.323786,67,2019-10
6442,2019,11,OFERTA,Hidráulica,2874807.468,2020-05-05 11:07:24.323786,67,2019-11
6443,2019,11,OFERTA,Importacion,366813.054,2020-05-05 11:07:24.323786,67,2019-11
6444,2019,11,OFERTA,Nuclear,761162.71,2020-05-05 11:07:24.323786,67,2019-11
6445,2019,11,OFERTA,Renovable,857876.977,2020-05-05 11:07:24.323786,67,2019-11
6446,2019,11,OFERTA,Térmica,6147451.967,2020-05-05 11:07:24.323786,67,2019-11
6447,2019,12,OFERTA,Hidráulica,2911479.269,2020-05-05 11:07:24.323786,67,2019-12
6448,2019,12,OFERTA,Importacion,93519.4,2020-05-05 11:07:24.323786,67,2019-12
6449,2019,12,OFERTA,Nuclear,730053.033,2020-05-05 11:07:24.323786,67,2019-12
6450,2019,12,OFERTA,Renovable,912208.049,2020-05-05 11:07:24.323786,67,2019-12
6451,2019,12,OFERTA,Térmica,6965598.94,2020-05-05 11:07:24.323786,67,2019-12
6452,2020,01,OFERTA,Hidráulica,3023859.741,2020-05-05 11:07:24.323786,67,2020-01
6453,2020,01,OFERTA,Importacion,26785.618,2020-05-05 11:07:24.323786,67,2020-01
6454,2020,01,OFERTA,Nuclear,791100.811,2020-05-05 11:07:24.323786,67,2020-01
6455,2020,01,OFERTA,Renovable,957825.883,2020-05-05 11:07:24.323786,67,2020-01
6456,2020,01,OFERTA,Térmica,7659783.65,2020-05-05 11:07:24.323786,67,2020-01
6457,2020,02,OFERTA,Hidráulica,2524292.913,2020-05-05 11:07:24.323786,67,2020-02
6458,2020,02,OFERTA,Importacion,37661.13,2020-05-05 11:07:24.323786,67,2020-02
6459,2020,02,OFERTA,Nuclear,804840.038,2020-05-05 11:07:24.323786,67,2020-02
6460,2020,02,OFERTA,Renovable,885661.738,2020-05-05 11:07:24.323786,67,2020-02
6461,2020,02,OFERTA,Térmica,6981486.126,2020-05-05 11:07:24.323786,67,2020-02
6462,2017,01,DEMANDA,Gran Usuario,1993571.165,2020-05-05 11:07:24.323786,67,2017-01
6463,2017,01,DEMANDA,Distribuidor,10531294.481,2020-05-05 11:07:24.323786,67,2017-01
6464,2017,01,DEMANDA,Bombeo,34531.584,2020-05-05 11:07:24.323786,67,2017-01
6465,2017,01,DEMANDA,Exportacion,71.046,2020-05-05 11:07:24.323786,67,2017-01
6466,2017,01,DEMANDA,Perdidas,373876.475,2020-05-05 11:07:24.323786,67,2017-01
6467,2017,02,DEMANDA,Gran Usuario,1904848.921,2020-05-05 11:07:24.323786,67,2017-02
6468,2017,02,DEMANDA,Distribuidor,9170057.578,2020-05-05 11:07:24.323786,67,2017-02
6469,2017,02,DEMANDA,Bombeo,30875.318,2020-05-05 11:07:24.323786,67,2017-02
6470,2017,02,DEMANDA,Exportacion,24139.177,2020-05-05 11:07:24.323786,67,2017-02
6471,2017,02,DEMANDA,Perdidas,344408.049,2020-05-05 11:07:24.323786,67,2017-02
6472,2017,03,DEMANDA,Gran Usuario,2136865.342,2020-05-05 11:07:24.323786,67,2017-03
6473,2017,03,DEMANDA,Distribuidor,8985366.213,2020-05-05 11:07:24.323786,67,2017-03
6474,2017,03,DEMANDA,Bombeo,43767.426,2020-05-05 11:07:24.323786,67,2017-03
6475,2017,03,DEMANDA,Exportacion,22579.233,2020-05-05 11:07:24.323786,67,2017-03
6476,2017,03,DEMANDA,Perdidas,368506.381,2020-05-05 11:07:24.323786,67,2017-03
6477,2017,04,DEMANDA,Gran Usuario,2052978.139,2020-05-05 11:07:24.323786,67,2017-04
6478,2017,04,DEMANDA,Distribuidor,7740780.446,2020-05-05 11:07:24.323786,67,2017-04
6479,2017,04,DEMANDA,Bombeo,15957.286,2020-05-05 11:07:24.323786,67,2017-04
6480,2017,04,DEMANDA,Exportacion,0,2020-05-05 11:07:24.323786,67,2017-04
6481,2017,04,DEMANDA,Perdidas,301134.961,2020-05-05 11:07:24.323786,67,2017-04
6482,2017,05,DEMANDA,Gran Usuario,2134253.965,2020-05-05 11:07:24.323786,67,2017-05
6483,2017,05,DEMANDA,Distribuidor,8660959.45,2020-05-05 11:07:24.323786,67,2017-05
6484,2017,05,DEMANDA,Bombeo,38393.557,2020-05-05 11:07:24.323786,67,2017-05
6485,2017,05,DEMANDA,Exportacion,19.566,2020-05-05 11:07:24.323786,67,2017-05
6486,2017,05,DEMANDA,Perdidas,336616.803,2020-05-05 11:07:24.323786,67,2017-05
6487,2017,06,DEMANDA,Gran Usuario,2028561.488,2020-05-05 11:07:24.323786,67,2017-06
6488,2017,06,DEMANDA,Distribuidor,9330769.174,2020-05-05 11:07:24.323786,67,2017-06
6489,2017,06,DEMANDA,Bombeo,70485.279,2020-05-05 11:07:24.323786,67,2017-06
6490,2017,06,DEMANDA,Exportacion,0,2020-05-05 11:07:24.323786,67,2017-06
6491,2017,06,DEMANDA,Perdidas,359245.902,2020-05-05 11:07:24.323786,67,2017-06
6492,2017,07,DEMANDA,Gran Usuario,2076100.637,2020-05-05 11:07:24.323786,67,2017-07
6493,2017,07,DEMANDA,Distribuidor,9720325.12,2020-05-05 11:07:24.323786,67,2017-07
6494,2017,07,DEMANDA,Bombeo,39150.358,2020-05-05 11:07:24.323786,67,2017-07
6495,2017,07,DEMANDA,Exportacion,141.948,2020-05-05 11:07:24.323786,67,2017-07
6496,2017,07,DEMANDA,Perdidas,347422.894,2020-05-05 11:07:24.323786,67,2017-07
6497,2017,08,DEMANDA,Gran Usuario,2130041.323,2020-05-05 11:07:24.323786,67,2017-08
6498,2017,08,DEMANDA,Distribuidor,8977209.382,2020-05-05 11:07:24.323786,67,2017-08
6499,2017,08,DEMANDA,Bombeo,10151.533,2020-05-05 11:07:24.323786,67,2017-08
6500,2017,08,DEMANDA,Exportacion,17056.593,2020-05-05 11:07:24.323786,67,2017-08
6501,2017,08,DEMANDA,Perdidas,335602.753,2020-05-05 11:07:24.323786,67,2017-08
6502,2017,09,DEMANDA,Gran Usuario,2082843.642,2020-05-05 11:07:24.323786,67,2017-09
6503,2017,09,DEMANDA,Distribuidor,8265740.906,2020-05-05 11:07:24.323786,67,2017-09
6504,2017,09,DEMANDA,Bombeo,22501.697,2020-05-05 11:07:24.323786,67,2017-09
6505,2017,09,DEMANDA,Exportacion,41.706,2020-05-05 11:07:24.323786,67,2017-09
6506,2017,09,DEMANDA,Perdidas,313707.832,2020-05-05 11:07:24.323786,67,2017-09
6507,2017,10,DEMANDA,Gran Usuario,2131381.676,2020-05-05 11:07:24.323786,67,2017-10
6508,2017,10,DEMANDA,Distribuidor,8095947.637,2020-05-05 11:07:24.323786,67,2017-10
6509,2017,10,DEMANDA,Bombeo,34027.323,2020-05-05 11:07:24.323786,67,2017-10
6510,2017,10,DEMANDA,Exportacion,5162.725,2020-05-05 11:07:24.323786,67,2017-10
6511,2017,10,DEMANDA,Perdidas,333366.144,2020-05-05 11:07:24.323786,67,2017-10
6512,2017,11,DEMANDA,Gran Usuario,2148002.421,2020-05-05 11:07:24.323786,67,2017-11
6513,2017,11,DEMANDA,Distribuidor,8207725.065,2020-05-05 11:07:24.323786,67,2017-11
6514,2017,11,DEMANDA,Bombeo,17497.267,2020-05-05 11:07:24.323786,67,2017-11
6515,2017,11,DEMANDA,Exportacion,4.319,2020-05-05 11:07:24.323786,67,2017-11
6516,2017,11,DEMANDA,Perdidas,371607.762,2020-05-05 11:07:24.323786,67,2017-11
6517,2017,12,DEMANDA,Gran Usuario,2107919.158,2020-05-05 11:07:24.323786,67,2017-12
6518,2017,12,DEMANDA,Distribuidor,9916676.303,2020-05-05 11:07:24.323786,67,2017-12
6519,2017,12,DEMANDA,Bombeo,43361.192,2020-05-05 11:07:24.323786,67,2017-12
6520,2017,12,DEMANDA,Exportacion,10.338,2020-05-05 11:07:24.323786,67,2017-12
6521,2017,12,DEMANDA,Perdidas,412939.883,2020-05-05 11:07:24.323786,67,2017-12
6522,2018,01,DEMANDA,Gran Usuario,2100746.753,2020-05-05 11:07:24.323786,67,2018-01
6523,2018,01,DEMANDA,Distribuidor,10249436.567,2020-05-05 11:07:24.323786,67,2018-01
6524,2018,01,DEMANDA,Bombeo,30236.918,2020-05-05 11:07:24.323786,67,2018-01
6525,2018,01,DEMANDA,Exportacion,93.366,2020-05-05 11:07:24.323786,67,2018-01
6526,2018,01,DEMANDA,Perdidas,368286.369,2020-05-05 11:07:24.323786,67,2018-01
6527,2018,02,DEMANDA,Gran Usuario,2031632.318,2020-05-05 11:07:24.323786,67,2018-02
6528,2018,02,DEMANDA,Distribuidor,9372570.564,2020-05-05 11:07:24.323786,67,2018-02
6529,2018,02,DEMANDA,Bombeo,24269.886,2020-05-05 11:07:24.323786,67,2018-02
6530,2018,02,DEMANDA,Exportacion,0,2020-05-05 11:07:24.323786,67,2018-02
6531,2018,02,DEMANDA,Perdidas,341518.479,2020-05-05 11:07:24.323786,67,2018-02
6532,2018,03,DEMANDA,Gran Usuario,2205495.998,2020-05-05 11:07:24.323786,67,2018-03
6533,2018,03,DEMANDA,Distribuidor,9041746.135,2020-05-05 11:07:24.323786,67,2018-03
6534,2018,03,DEMANDA,Bombeo,35539.912,2020-05-05 11:07:24.323786,67,2018-03
6535,2018,03,DEMANDA,Exportacion,2802,2020-05-05 11:07:24.323786,67,2018-03
6536,2018,03,DEMANDA,Perdidas,344220.768,2020-05-05 11:07:24.323786,67,2018-03
6537,2018,04,DEMANDA,Gran Usuario,2145076.435,2020-05-05 11:07:24.323786,67,2018-04
6538,2018,04,DEMANDA,Distribuidor,8348238.15,2020-05-05 11:07:24.323786,67,2018-04
6539,2018,04,DEMANDA,Bombeo,33646.694,2020-05-05 11:07:24.323786,67,2018-04
6540,2018,04,DEMANDA,Exportacion,10267,2020-05-05 11:07:24.323786,67,2018-04
6541,2018,04,DEMANDA,Perdidas,316137.583,2020-05-05 11:07:24.323786,67,2018-04
6542,2018,05,DEMANDA,Gran Usuario,2151042.74,2020-05-05 11:07:24.323786,67,2018-05
6543,2018,05,DEMANDA,Distribuidor,8514418.767,2020-05-05 11:07:24.323786,67,2018-05
6544,2018,05,DEMANDA,Bombeo,29131.897,2020-05-05 11:07:24.323786,67,2018-05
6545,2018,05,DEMANDA,Exportacion,0,2020-05-05 11:07:24.323786,67,2018-05
6546,2018,05,DEMANDA,Perdidas,324308.858,2020-05-05 11:07:24.323786,67,2018-05
6547,2018,06,DEMANDA,Gran Usuario,2022209.728,2020-05-05 11:07:24.323786,67,2018-06
6548,2018,06,DEMANDA,Distribuidor,9903702.739,2020-05-05 11:07:24.323786,67,2018-06
6549,2018,06,DEMANDA,Bombeo,31209.828,2020-05-05 11:07:24.323786,67,2018-06
6550,2018,06,DEMANDA,Exportacion,0,2020-05-05 11:07:24.323786,67,2018-06
6551,2018,06,DEMANDA,Perdidas,358977.895,2020-05-05 11:07:24.323786,67,2018-06
6552,2018,07,DEMANDA,Gran Usuario,2019398.754,2020-05-05 11:07:24.323786,67,2018-07
6553,2018,07,DEMANDA,Distribuidor,10588153.968,2020-05-05 11:07:24.323786,67,2018-07
6554,2018,07,DEMANDA,Bombeo,23393.576,2020-05-05 11:07:24.323786,67,2018-07
6555,2018,07,DEMANDA,Exportacion,126.558,2020-05-05 11:07:24.323786,67,2018-07
6556,2018,07,DEMANDA,Perdidas,407870.789,2020-05-05 11:07:24.323786,67,2018-07
6557,2018,08,DEMANDA,Gran Usuario,2048556.509,2020-05-05 11:07:24.323786,67,2018-08
6558,2018,08,DEMANDA,Distribuidor,9672748.623,2020-05-05 11:07:24.323786,67,2018-08
6559,2018,08,DEMANDA,Bombeo,22119.337,2020-05-05 11:07:24.323786,67,2018-08
6560,2018,08,DEMANDA,Exportacion,91.771,2020-05-05 11:07:24.323786,67,2018-08
6561,2018,08,DEMANDA,Perdidas,356232.254,2020-05-05 11:07:24.323786,67,2018-08
6562,2018,09,DEMANDA,Gran Usuario,1957717.566,2020-05-05 11:07:24.323786,67,2018-09
6563,2018,09,DEMANDA,Distribuidor,7834651.529,2020-05-05 11:07:24.323786,67,2018-09
6564,2018,09,DEMANDA,Bombeo,4959.387,2020-05-05 11:07:24.323786,67,2018-09
6565,2018,09,DEMANDA,Exportacion,143798.753,2020-05-05 11:07:24.323786,67,2018-09
6566,2018,09,DEMANDA,Perdidas,325518.248,2020-05-05 11:07:24.323786,67,2018-09
6567,2018,10,DEMANDA,Gran Usuario,1981253.14,2020-05-05 11:07:24.323786,67,2018-10
6568,2018,10,DEMANDA,Distribuidor,7922965.529,2020-05-05 11:07:24.323786,67,2018-10
6569,2018,10,DEMANDA,Bombeo,18087.399,2020-05-05 11:07:24.323786,67,2018-10
6570,2018,10,DEMANDA,Exportacion,123103.344,2020-05-05 11:07:24.323786,67,2018-10
6571,2018,10,DEMANDA,Perdidas,348466.971,2020-05-05 11:07:24.323786,67,2018-10
6572,2018,11,DEMANDA,Gran Usuario,1993010.765,2020-05-05 11:07:24.323786,67,2018-11
6573,2018,11,DEMANDA,Distribuidor,8042138.611,2020-05-05 11:07:24.323786,67,2018-11
6574,2018,11,DEMANDA,Bombeo,16882.736,2020-05-05 11:07:24.323786,67,2018-11
6575,2018,11,DEMANDA,Exportacion,7.93,2020-05-05 11:07:24.323786,67,2018-11
6576,2018,11,DEMANDA,Perdidas,366579.593,2020-05-05 11:07:24.323786,67,2018-11
6577,2018,12,DEMANDA,Gran Usuario,1870252.837,2020-05-05 11:07:24.323786,67,2018-12
6578,2018,12,DEMANDA,Distribuidor,8992759.708,2020-05-05 11:07:24.323786,67,2018-12
6579,2018,12,DEMANDA,Bombeo,12977.767,2020-05-05 11:07:24.323786,67,2018-12
6580,2018,12,DEMANDA,Exportacion,10.97,2020-05-05 11:07:24.323786,67,2018-12
6581,2018,12,DEMANDA,Perdidas,394571.433,2020-05-05 11:07:24.323786,67,2018-12
6582,2019,01,DEMANDA,Gran Usuario,1911849.064,2020-05-05 11:07:24.323786,67,2019-01
6583,2019,01,DEMANDA,Distribuidor,9786971.338,2020-05-05 11:07:24.323786,67,2019-01
6584,2019,01,DEMANDA,Bombeo,20647.654,2020-05-05 11:07:24.323786,67,2019-01
6585,2019,01,DEMANDA,Exportacion,12307.695,2020-05-05 11:07:24.323786,67,2019-01
6586,2019,01,DEMANDA,Perdidas,403718.516,2020-05-05 11:07:24.323786,67,2019-01
6587,2019,02,DEMANDA,Gran Usuario,1830155.452,2020-05-05 11:07:24.323786,67,2019-02
6588,2019,02,DEMANDA,Distribuidor,8876799.865,2020-05-05 11:07:24.323786,67,2019-02
6589,2019,02,DEMANDA,Bombeo,25783.451,2020-05-05 11:07:24.323786,67,2019-02
6590,2019,02,DEMANDA,Exportacion,32928.292,2020-05-05 11:07:24.323786,67,2019-02
6591,2019,02,DEMANDA,Perdidas,326026.716,2020-05-05 11:07:24.323786,67,2019-02
6592,2019,03,DEMANDA,Gran Usuario,1968984.971,2020-05-05 11:07:24.323786,67,2019-03
6593,2019,03,DEMANDA,Distribuidor,8151072.965,2020-05-05 11:07:24.323786,67,2019-03
6594,2019,03,DEMANDA,Bombeo,21631.445,2020-05-05 11:07:24.323786,67,2019-03
6595,2019,03,DEMANDA,Exportacion,3536.835,2020-05-05 11:07:24.323786,67,2019-03
6596,2019,03,DEMANDA,Perdidas,328778.849,2020-05-05 11:07:24.323786,67,2019-03
6597,2019,04,DEMANDA,Gran Usuario,1953586.216,2020-05-05 11:07:24.323786,67,2019-04
6598,2019,04,DEMANDA,Distribuidor,7618544.429,2020-05-05 11:07:24.323786,67,2019-04
6599,2019,04,DEMANDA,Bombeo,4938.912,2020-05-05 11:07:24.323786,67,2019-04
6600,2019,04,DEMANDA,Exportacion,7.38,2020-05-05 11:07:24.323786,67,2019-04
6601,2019,04,DEMANDA,Perdidas,315856.967,2020-05-05 11:07:24.323786,67,2019-04
6602,2019,05,DEMANDA,Gran Usuario,1972852.027,2020-05-05 11:07:24.323786,67,2019-05
6603,2019,05,DEMANDA,Distribuidor,8409210.129,2020-05-05 11:07:24.323786,67,2019-05
6604,2019,05,DEMANDA,Bombeo,47612.135,2020-05-05 11:07:24.323786,67,2019-05
6605,2019,05,DEMANDA,Exportacion,1.182,2020-05-05 11:07:24.323786,67,2019-05
6606,2019,05,DEMANDA,Perdidas,349267.711,2020-05-05 11:07:24.323786,67,2019-05
6607,2019,06,DEMANDA,Gran Usuario,1850602.906,2020-05-05 11:07:24.323786,67,2019-06
6608,2019,06,DEMANDA,Distribuidor,8795280.453,2020-05-05 11:07:24.323786,67,2019-06
6609,2019,06,DEMANDA,Bombeo,56469.136,2020-05-05 11:07:24.323786,67,2019-06
6610,2019,06,DEMANDA,Exportacion,3.054,2020-05-05 11:07:24.323786,67,2019-06
6611,2019,06,DEMANDA,Perdidas,371258.444,2020-05-05 11:07:24.323786,67,2019-06
6612,2019,07,DEMANDA,Gran Usuario,1939604.92,2020-05-05 11:07:24.323786,67,2019-07
6613,2019,07,DEMANDA,Distribuidor,10064605.267,2020-05-05 11:07:24.323786,67,2019-07
6614,2019,07,DEMANDA,Bombeo,43847.644,2020-05-05 11:07:24.323786,67,2019-07
6615,2019,07,DEMANDA,Exportacion,3.522,2020-05-05 11:07:24.323786,67,2019-07
6616,2019,07,DEMANDA,Perdidas,396478.73,2020-05-05 11:07:24.323786,67,2019-07
6617,2019,08,DEMANDA,Gran Usuario,2057506.099,2020-05-05 11:07:24.323786,67,2019-08
6618,2019,08,DEMANDA,Distribuidor,9403477.783,2020-05-05 11:07:24.323786,67,2019-08
6619,2019,08,DEMANDA,Bombeo,61756.013,2020-05-05 11:07:24.323786,67,2019-08
6620,2019,08,DEMANDA,Exportacion,0,2020-05-05 11:07:24.323786,67,2019-08
6621,2019,08,DEMANDA,Perdidas,411450.748,2020-05-05 11:07:24.323786,67,2019-08
6622,2019,09,DEMANDA,Gran Usuario,2016616.428,2020-05-05 11:07:24.323786,67,2019-09
6623,2019,09,DEMANDA,Distribuidor,8196610.248,2020-05-05 11:07:24.323786,67,2019-09
6624,2019,09,DEMANDA,Bombeo,31433.453,2020-05-05 11:07:24.323786,67,2019-09
6625,2019,09,DEMANDA,Exportacion,93034.077,2020-05-05 11:07:24.323786,67,2019-09
6626,2019,09,DEMANDA,Perdidas,354534.023,2020-05-05 11:07:24.323786,67,2019-09
6627,2019,10,DEMANDA,Gran Usuario,2146378.937,2020-05-05 11:07:24.323786,67,2019-10
6628,2019,10,DEMANDA,Distribuidor,8228522.044,2020-05-05 11:07:24.323786,67,2019-10
6629,2019,10,DEMANDA,Bombeo,35606.832,2020-05-05 11:07:24.323786,67,2019-10
6630,2019,10,DEMANDA,Exportacion,69578.814,2020-05-05 11:07:24.323786,67,2019-10
6631,2019,10,DEMANDA,Perdidas,373702.928,2020-05-05 11:07:24.323786,67,2019-10
6632,2019,11,DEMANDA,Gran Usuario,2036707.352,2020-05-05 11:07:24.323786,67,2019-11
6633,2019,11,DEMANDA,Distribuidor,8515668.859,2020-05-05 11:07:24.323786,67,2019-11
6634,2019,11,DEMANDA,Bombeo,27348.625,2020-05-05 11:07:24.323786,67,2019-11
6635,2019,11,DEMANDA,Exportacion,49781.165,2020-05-05 11:07:24.323786,67,2019-11
6636,2019,11,DEMANDA,Perdidas,378606.175,2020-05-05 11:07:24.323786,67,2019-11
6637,2019,12,DEMANDA,Gran Usuario,1869478.325,2020-05-05 11:07:24.323786,67,2019-12
6638,2019,12,DEMANDA,Distribuidor,9304324.285,2020-05-05 11:07:24.323786,67,2019-12
6639,2019,12,DEMANDA,Bombeo,32217.082,2020-05-05 11:07:24.323786,67,2019-12
6640,2019,12,DEMANDA,Exportacion,0,2020-05-05 11:07:24.323786,67,2019-12
6641,2019,12,DEMANDA,Perdidas,406838.999,2020-05-05 11:07:24.323786,67,2019-12
6642,2020,01,DEMANDA,Gran Usuario,1909047.398,2020-05-05 11:07:24.323786,67,2020-01
6643,2020,01,DEMANDA,Distribuidor,10070195.73,2020-05-05 11:07:24.323786,67,2020-01
6644,2020,01,DEMANDA,Bombeo,19596.623,2020-05-05 11:07:24.323786,67,2020-01
6645,2020,01,DEMANDA,Exportacion,12473.228,2020-05-05 11:07:24.323786,67,2020-01
6646,2020,01,DEMANDA,Perdidas,448042.724,2020-05-05 11:07:24.323786,67,2020-01
6647,2020,02,DEMANDA,Gran Usuario,1874998.636,2020-05-05 11:07:24.323786,67,2020-02
6648,2020,02,DEMANDA,Distribuidor,8966418.17,2020-05-05 11:07:24.323786,67,2020-02
6649,2020,02,DEMANDA,Bombeo,7088.794,2020-05-05 11:07:24.323786,67,2020-02
6650,2020,02,DEMANDA,Exportacion,29984.058,2020-05-05 11:07:24.323786,67,2020-02
6651,2020,02,DEMANDA,Perdidas,355452.287,2020-05-05 11:07:24.323786,67,2020-02
